[{
    "id":"JAN",
    "name": "January"
  }, {
    "id":"FEB",
    "name": "February"
  }, {
    "id":"MARCH",
    "name": "March"
  }, {
    "id":"APR",
    "name": "April"
  }, {
    "id":"MAY",
    "name": "May"
  }, {
    "id":"JUN",
    "name": "June"
  }, {
    "id":"JUL",
    "name": "July"
  }, {
    "id":"AUG",
    "name": "August "
  }, {
    "id":"SEP",
    "name": "September"
  }, {
    "id":"OCT",
    "name": "October"
  }, {
    "id":"NOV",
    "name": "November"
  }, {
    "id":"DEC",
    "name": "December"
  }]